-- phpMyAdmin SQL Dump
-- version 5.2.1
-- https://www.phpmyadmin.net/
--
-- Εξυπηρετητής: 127.0.0.1
-- Χρόνος δημιουργίας: 18 Απρ 2025 στις 12:46:25
-- Έκδοση διακομιστή: 10.4.32-MariaDB
-- Έκδοση PHP: 8.2.12

SET SQL_MODE = "NO_AUTO_VALUE_ON_ZERO";
START TRANSACTION;
SET time_zone = "+00:00";


/*!40101 SET @OLD_CHARACTER_SET_CLIENT=@@CHARACTER_SET_CLIENT */;
/*!40101 SET @OLD_CHARACTER_SET_RESULTS=@@CHARACTER_SET_RESULTS */;
/*!40101 SET @OLD_COLLATION_CONNECTION=@@COLLATION_CONNECTION */;
/*!40101 SET NAMES utf8mb4 */;

--
-- Βάση δεδομένων: `dbsf2`
--

-- --------------------------------------------------------

--
-- Δομή πίνακα για τον πίνακα `admin`
--

CREATE TABLE `admin` (
  `id` int(200) NOT NULL,
  `email` varchar(300) NOT NULL,
  `password` varchar(100) NOT NULL,
  `firstname` varchar(200) NOT NULL,
  `lastname` varchar(200) NOT NULL
) ENGINE=InnoDB DEFAULT CHARSET=utf8mb4 COLLATE=utf8mb4_general_ci;

--
-- Άδειασμα δεδομένων του πίνακα `admin`
--

INSERT INTO `admin` (`id`, `email`, `password`, `firstname`, `lastname`) VALUES
(10, 'admin@upatras.gr', 'admin', 'ΣΟΦΙΑ', 'ΛΑΜΠΡΟΠΟΥΛΟΥ');

-- --------------------------------------------------------

--
-- Δομή πίνακα για τον πίνακα `answer`
--

CREATE TABLE `answer` (
  `id` int(11) NOT NULL,
  `id_of_exercise` int(11) NOT NULL,
  `text_of_answer` text NOT NULL,
  `true_false` int(1) NOT NULL
) ENGINE=InnoDB DEFAULT CHARSET=utf8mb4 COLLATE=utf8mb4_general_ci;

--
-- Άδειασμα δεδομένων του πίνακα `answer`
--

INSERT INTO `answer` (`id`, `id_of_exercise`, `text_of_answer`, `true_false`) VALUES
(77, 66, 'Ταΰγετος', 1),
(78, 66, 'Κυλλήνη', 0),
(79, 66, 'Τα Αροάνια Όρη', 0),
(80, 67, 'Ο Ελισσώνας', 0),
(81, 67, 'Ο ποταμός Αλφειός', 1),
(82, 67, 'Ο ποταμός Ερύμανθος', 0),
(85, 68, 'Η Μεσόγειος θάλασσα', 0),
(86, 68, 'Το Ιόνιο Πέλαγος', 0),
(87, 68, 'Το Αιγαίο Πέλαγος', 0),
(88, 68, 'Η Θάλασσα του Αργολικού Κόλπου (ή Αργολική Θάλασσα)', 1),
(89, 69, 'Η Αρχαία Ολυμπία', 1),
(90, 69, 'Το Ναύπλιο', 0),
(91, 69, 'Η Πάτρα', 0),
(92, 70, 'Ο Λεωνίδας', 0),
(93, 70, 'Ο Κλεισθένης ', 1),
(94, 70, 'Ο Αλκιβιάδης', 0),
(95, 70, 'Ο Περικλής', 0),
(96, 71, 'Ο Πλάτων', 1),
(97, 71, 'Ο Εύφαντος', 0),
(98, 71, 'Ο Κλεάνθης', 0),
(99, 71, 'Η Υπατία', 0),
(100, 72, 'Ο Απόλλωνας', 0),
(101, 72, 'Ο Άρης', 0),
(102, 72, 'Ο Ποσειδώνας', 0),
(103, 72, 'Ο Δίας', 1),
(117, 77, 'Το DNA (Δεοξυριβονουκλεϊκό Οξύ) είναι το γενετικό υλικό που βρίσκεται σε όλους τους ζωντανούς οργανισμούς.', 1),
(118, 77, 'Το DNA (Δεοξυριβονουκλεϊκό Οξύ) είναι το γενετικό υλικό που βρίσκεται σε όλους τους φυτικούς οργανισμούς.', 0),
(119, 77, 'Το DNA (Δεοξυριβονουκλεϊκό Οξύ) είναι το γενετικό υλικό που βρίσκεται σε όλους τους μικροοργανισμούς.', 0),
(120, 78, ' Τα χρωμοσώματα είναι δομές που βρίσκονται στον πυρήνα των ωαρίων και περιέχουν το DNA.', 0),
(121, 78, ' Τα χρωμοσώματα είναι δομές που βρίσκονται στον πυρήνα των κυττάρων και περιέχουν το RNA.', 0),
(122, 78, ' Τα χρωμοσώματα είναι δομές που βρίσκονται στον πυρήνα των κυττάρων και περιέχουν το DNA.', 1),
(123, 79, ' Η μεταγραφία είναι η διαδικασία κατά την οποία το γενετικό υλικό (DNA) αντιγράφεται σε RNA, το οποίο στη συνέχεια χρησιμοποιείται για να παράγει υδατάνθρακες στην διαδικασία της μετάφρασης.', 0),
(124, 79, ' Η μεταγραφία είναι η διαδικασία κατά την οποία το RNA αντιγράφεται σε DNA, το οποίο στη συνέχεια χρησιμοποιείται για να παράγει πρωτεΐνες στην διαδικασία της μετάφρασης.', 0),
(125, 79, ' Η μεταγραφία είναι η διαδικασία κατά την οποία το γενετικό υλικό (DNA) αντιγράφεται σε RNA, το οποίο στη συνέχεια χρησιμοποιείται για να παράγει πρωτεΐνες στην διαδικασία της μετάφρασης.', 1),
(126, 80, 'Το ανθρώπινο κυκλοφορικό σύστημα είναι το σύνολο των οργάνων και των αγγείων που μεταφέρουν αίμα, οξυγόνο, θρεπτικά συστατικά και αποβλήτων μέσω του σώματος. Αποτελείται από την καρδιά και τα αγγεία (αρτηρίες, φλέβες, τριχοειδή).', 0),
(127, 80, 'Το ανθρώπινο κυκλοφορικό σύστημα είναι το σύνολο των οργάνων και των αγγείων που μεταφέρουν αίμα, οξυγόνο, θρεπτικά συστατικά και αποβλήτων μέσω του σώματος. Αποτελείται από την καρδιά, τα αγγεία (αρτηρίες, φλέβες, τριχοειδή) και το αίμα.', 1),
(128, 80, 'Το ανθρώπινο κυκλοφορικό σύστημα είναι το σύνολο των οργάνων και των αγγείων που μεταφέρουν αίμα μέσω του σώματος. Αποτελείται από την καρδιά, τα αγγεία (αρτηρίες, φλέβες, τριχοειδή) και το αίμα.', 0),
(129, 81, 'Η καρδιά είναι υπεύθυνη για τη άντληση του αίματος στο κυκλοφορικό σύστημα. Εξασφαλίζει τη μεταφορά οξυγόνου και θρεπτικών συστατικών στους ιστούς και την απομάκρυνση των αποβλήτων από τα κύτταρα.', 1),
(130, 81, 'Η καρδιά είναι υπεύθυνη για τη άντληση του αίματος στο κυκλοφορικό σύστημα. Εξασφαλίζει τη μεταφορά οξυγόνου και θρεπτικών συστατικών στους ιστούς.', 0),
(131, 81, 'Η καρδιά είναι υπεύθυνη για τη άντληση του αίματος στο κυκλοφορικό σύστημα. Εξασφαλίζει την απομάκρυνση των αποβλήτων από τα κύτταρα.', 0),
(132, 82, 'Οι φλέβες μεταφέρουν αίμα από την καρδιά προς τα όργανα και τους ιστούς και έχουν παχύ τοίχωμα λόγω της υψηλής πίεσης του αίματος. Οι αρτηρίες μεταφέρουν το αίμα πίσω στην καρδιά και έχουν πιο λεπτά τοιχώματα. ', 0),
(133, 82, 'Οι αρτηρίες μεταφέρουν αίμα από την καρδιά προς τα όργανα και τους ιστούς και έχουν παχύ τοίχωμα λόγω της υψηλής πίεσης του αίματος. Οι φλέβες μεταφέρουν το αίμα πίσω στην καρδιά και έχουν πιο λεπτά τοιχώματα. ', 1),
(134, 82, 'Οι αρτηρίες μεταφέρουν αίμα από την καρδιά προς τα όργανα και τους ιστούς και έχουν παχύ τοίχωμα λόγω της υψηλής πίεσης του αίματος. Οι φλέβες μεταφέρουν το αίμα πίσω στην καρδιά και έχουν κι αυτές παχύ τοίχωμα. ', 0),
(135, 83, 'Το αναπνευστικό σύστημα είναι το σύνολο των οργάνων και των αγγείων που επιτρέπουν την αναπνοή, δηλαδή την εισαγωγή οξυγόνου στον οργανισμό και την αποβολή του διοξειδίου του άνθρακα από τον οργανισμό.', 1),
(136, 83, 'Το αναπνευστικό σύστημα είναι το σύνολο των οργάνων που επιτρέπουν την αναπνοή, δηλαδή την εισαγωγή οξυγόνου στον οργανισμό και την αποβολή του διοξειδίου του άνθρακα από τον οργανισμό.', 0),
(137, 83, 'Το αναπνευστικό σύστημα είναι το σύνολο των οργάνων και των αγγείων που επιτρέπουν την αναπνοή, δηλαδή την εισαγωγή οξυγόνου στον οργανισμό ', 0),
(138, 84, 'Οι πνεύμονες είναι υπεύθυνοι για την ανταλλαγή αερίων. Ο αέρας που εισπνέουμε περιέχει οξυγόνο, το οποίο περνά στο αίμα μέσω των τριχοειδών αγγείων, ενώ το διοξείδιο του άνθρακα, που είναι απόβλητο προϊόν του μεταβολισμού, αποβάλλεται μέσω της εκπνοής.', 1),
(139, 84, 'Οι πνεύμονες είναι υπεύθυνοι για την ανταλλαγή αίματος. Το αίμα αυτό περιέχει οξυγόνο, το οποίο περνά στο αίμα μέσω των τριχοειδών αγγείων, ενώ το διοξείδιο του άνθρακα, που είναι απόβλητο προϊόν του μεταβολισμού, αποβάλλεται μέσω της εκπνοής.', 0),
(140, 84, 'Οι πνεύμονες είναι υπεύθυνοι για την ανταλλαγή αερίων. Ο αέρας που εισπνέουμε περιέχει διοξείδιο του άνθρακα, το οποίο περνά στο αίμα μέσω των τριχοειδών αγγείων, ενώ το οξυγόνο, που είναι απόβλητο προϊόν του μεταβολισμού, αποβάλλεται μέσω της εκπνοής.', 0),
(141, 85, 'Η αναπνευστική συχνότητα αναφέρεται στον αριθμό των αναπνοών (εισπνοών και εκπνοών) που γίνονται σε ένα λεπτό. Στους ενήλικες, η φυσιολογική αναπνευστική συχνότητα κυμαίνεται από 6 έως 12 αναπνοές ανά λεπτό.', 0),
(142, 85, 'Η αναπνευστική συχνότητα αναφέρεται στον αριθμό των αναπνοών (εισπνοών και εκπνοών) που γίνονται σε ένα λεπτό. Στους ενήλικες, η φυσιολογική αναπνευστική συχνότητα κυμαίνεται από 10 έως 20 αναπνοές ανά λεπτό.', 0),
(143, 85, 'Η αναπνευστική συχνότητα αναφέρεται στον αριθμό των αναπνοών (εισπνοών και εκπνοών) που γίνονται σε ένα λεπτό. Στους ενήλικες, η φυσιολογική αναπνευστική συχνότητα κυμαίνεται από 12 έως 20 αναπνοές ανά λεπτό.', 1),
(144, 86, 'έπαιζα', 0),
(145, 86, 'έπαιξα', 1),
(146, 86, 'έχω παίξει', 0),
(147, 87, 'έχω κωδικοποιήσει', 0),
(148, 87, 'κωδικοποιούσα', 0),
(149, 87, 'είχα κωδικοποιήσει', 1),
(150, 88, 'αγόρασα', 0),
(151, 88, 'αγόραζα', 1),
(152, 88, 'είχα αγοράσει', 0);

-- --------------------------------------------------------

--
-- Δομή πίνακα για τον πίνακα `exercise`
--

CREATE TABLE `exercise` (
  `id` int(11) NOT NULL,
  `id_test` int(11) NOT NULL,
  `vocalization` text NOT NULL,
  `feedback` text NOT NULL,
  `points` int(11) NOT NULL,
  `levelofdifficulty` int(11) NOT NULL
) ENGINE=InnoDB DEFAULT CHARSET=utf8mb4 COLLATE=utf8mb4_general_ci;

--
-- Άδειασμα δεδομένων του πίνακα `exercise`
--

INSERT INTO `exercise` (`id`, `id_test`, `vocalization`, `feedback`, `points`, `levelofdifficulty`) VALUES
(66, 32, 'Ποιο είναι το μεγαλύτερο βουνό της Πελοποννήσου;', 'Ταΰγετος', 3, 3),
(67, 32, 'Ποιος είναι ο μεγαλύτερος ποταμός της Πελοποννήσου;', 'Ο ποταμός Αλφειός', 3, 3),
(68, 32, 'Ποια θάλασσα βρίσκεται ανατολικά της Πελοποννήσου;', 'Η Θάλασσα του Αργολικού Κόλπου (ή Αργολική Θάλασσα)', 2, 4),
(69, 32, ' Ποια πόλη της Πελοποννήσου είναι γνωστή για το αρχαίο της θέατρο και τη συμμετοχή της στους Ολυμπιακούς Αγώνες;', 'Η Αρχαία Ολυμπία', 2, 2),
(70, 33, 'Ποιος ήταν ο πρώτος σημαντικός πολιτικός και στρατηγός της αρχαίας Αθήνας, γνωστός για τις μεταρρυθμίσεις του στον 5ο αιώνα π.Χ.;', 'Ο Κλεισθένης ', 4, 4),
(71, 33, 'Ποιος φιλόσοφος της αρχαίας Ελλάδας είναι γνωστός για τη θεωρία των Ιδεών του και την ίδρυση της Ακαδημίας στην Αθήνα;', 'Ο Πλάτων', 3, 3),
(72, 33, 'Ποιος ήταν ο δυνατότερος Θεός του δωδεκάθεου;', 'Ο Δίας', 3, 2),
(77, 36, ' Τι είναι το DNA;', 'Το DNA (Δεοξυριβονουκλεϊκό Οξύ) είναι το γενετικό υλικό που βρίσκεται σε όλα τα ζωντανά οργανισμούς.', 3, 3),
(78, 36, 'Τι είναι τα χρωμοσώματα;', ' Τα χρωμοσώματα είναι δομές που βρίσκονται στον πυρήνα των κυττάρων και περιέχουν το DNA.', 3, 3),
(79, 36, 'Τι είναι η μεταγραφία;', ' Η μεταγραφία είναι η διαδικασία κατά την οποία το γενετικό υλικό (DNA) αντιγράφεται σε RNA, το οποίο στη συνέχεια χρησιμοποιείται για να παράγει πρωτεΐνες στην διαδικασία της μετάφρασης.', 4, 4),
(80, 37, 'Τι είναι το ανθρώπινο κυκλοφορικό σύστημα;', 'Το ανθρώπινο κυκλοφορικό σύστημα είναι το σύνολο των οργάνων και των αγγείων που μεταφέρουν αίμα, οξυγόνο, θρεπτικά συστατικά και αποβλήτων μέσω του σώματος. Αποτελείται από την καρδιά, τα αγγεία (αρτηρίες, φλέβες, τριχοειδή) και το αίμα.', 3, 3),
(81, 37, 'Ποια είναι η λειτουργία της καρδιάς;', 'Η καρδιά είναι υπεύθυνη για τη άντληση του αίματος στο κυκλοφορικό σύστημα. Εξασφαλίζει τη μεταφορά οξυγόνου και θρεπτικών συστατικών στους ιστούς και την απομάκρυνση των αποβλήτων από τα κύτταρα.', 3, 3),
(82, 37, ' Ποια είναι η διαφορά μεταξύ αρτηριών και φλεβών;', 'Οι αρτηρίες μεταφέρουν αίμα από την καρδιά προς τα όργανα και τους ιστούς και έχουν παχύ τοίχωμα λόγω της υψηλής πίεσης του αίματος. Οι φλέβες μεταφέρουν το αίμα πίσω στην καρδιά και έχουν πιο λεπτά τοιχώματα.', 4, 4),
(83, 38, ' Τι είναι το αναπνευστικό σύστημα;', 'Το αναπνευστικό σύστημα είναι το σύνολο των οργάνων και των αγγείων που επιτρέπουν την αναπνοή, δηλαδή την εισαγωγή οξυγόνου στον οργανισμό και την αποβολή του διοξειδίου του άνθρακα από τον οργανισμό.', 4, 4),
(84, 38, 'Ποιο είναι το ρόλο των πνευμόνων στην αναπνοή;', 'Οι πνεύμονες είναι υπεύθυνοι για την ανταλλαγή αερίων. Ο αέρας που εισπνέουμε περιέχει οξυγόνο, το οποίο περνά στο αίμα μέσω των τριχοειδών αγγείων, ενώ το διοξείδιο του άνθρακα, που είναι απόβλητο προϊόν του μεταβολισμού, αποβάλλεται μέσω της εκπνοής.', 4, 4),
(85, 38, 'Τι είναι η αναπνευστική συχνότητα;', 'Η αναπνευστική συχνότητα αναφέρεται στον αριθμό των αναπνοών (εισπνοών και εκπνοών) που γίνονται σε ένα λεπτό. Στους ενήλικες, η φυσιολογική αναπνευστική συχνότητα κυμαίνεται από 12 έως 20 αναπνοές ανά λεπτό.', 2, 2),
(86, 39, 'Ποιος είναι ο Αόριστος του ρήματος \"παίζω\";', 'έπαιξα', 3, 3),
(87, 39, 'Ποιος είναι ο Υπερσυντέλικος του ρήματος \"κωδικοποιώ\";', 'είχα κωδικοποιήσει', 3, 3),
(88, 39, 'Ποιος είναι ο Παρατατικός του ρήματος \"αγοράζω\";', 'αγόραζα', 4, 3);

-- --------------------------------------------------------

--
-- Δομή πίνακα για τον πίνακα `lesson`
--

CREATE TABLE `lesson` (
  `id` int(11) NOT NULL,
  `id_professor` int(11) NOT NULL,
  `name` varchar(200) NOT NULL,
  `description` text NOT NULL
) ENGINE=InnoDB DEFAULT CHARSET=utf8mb4 COLLATE=utf8mb4_general_ci;

--
-- Άδειασμα δεδομένων του πίνακα `lesson`
--

INSERT INTO `lesson` (`id`, `id_professor`, `name`, `description`) VALUES
(17, 20, 'Γεωγραφία', 'Γεωγραφία στην Ελλάδα'),
(18, 20, 'Ιστορία', 'Αρχαία Ελλάδα'),
(19, 27, 'Βιολογία', 'Βιολογία ανθρώπινου οργανισμού'),
(20, 27, 'Έκθεση', 'Γραμματική');

-- --------------------------------------------------------

--
-- Δομή πίνακα για τον πίνακα `make_exercise`
--

CREATE TABLE `make_exercise` (
  `id` int(11) NOT NULL,
  `id_student` int(11) NOT NULL,
  `id_exercise` int(11) NOT NULL,
  `exercise_answer` text NOT NULL,
  `exercise_score` int(11) NOT NULL
) ENGINE=InnoDB DEFAULT CHARSET=utf8mb4 COLLATE=utf8mb4_general_ci;

--
-- Άδειασμα δεδομένων του πίνακα `make_exercise`
--

INSERT INTO `make_exercise` (`id`, `id_student`, `id_exercise`, `exercise_answer`, `exercise_score`) VALUES
(329, 47, 77, '119', 0),
(330, 47, 78, '121', 0),
(331, 47, 79, '125', 4),
(332, 47, 80, '126', 0),
(333, 47, 81, '131', 0),
(334, 47, 82, '134', 0),
(335, 47, 83, '137', 0),
(336, 47, 84, '140', 0),
(337, 47, 85, '143', 2),
(338, 47, 66, '77', 3),
(339, 47, 67, '82', 0),
(340, 47, 68, '88', 2),
(341, 47, 69, '89', 2),
(342, 41, 77, '117', 3),
(343, 41, 78, '120', 0),
(344, 41, 79, '124', 0),
(345, 41, 80, '128', 0),
(346, 41, 81, '130', 0),
(347, 41, 82, '133', 4),
(348, 41, 83, '136', 0),
(349, 41, 84, '140', 0),
(350, 41, 85, '143', 2),
(351, 41, 66, '79', 0),
(352, 41, 67, '82', 0),
(353, 41, 68, '88', 2),
(354, 41, 69, '89', 2),
(355, 42, 66, '78', 0),
(356, 42, 67, '81', 3),
(357, 42, 68, '88', 2),
(358, 42, 69, '91', 0),
(359, 42, 77, '117', 3),
(360, 42, 78, '121', 0),
(361, 42, 79, '124', 0),
(362, 42, 80, '127', 3),
(363, 42, 81, '130', 0),
(364, 42, 82, '134', 0),
(365, 42, 83, '135', 4),
(366, 42, 84, '139', 0),
(367, 42, 85, '143', 2),
(368, 43, 66, '79', 0),
(369, 43, 78, '122', 3),
(370, 43, 79, '124', 0),
(371, 43, 80, '127', 3),
(372, 43, 81, '131', 0),
(373, 44, 67, '82', 0),
(374, 44, 68, '87', 0),
(375, 44, 69, '90', 0),
(376, 44, 77, '117', 3),
(377, 44, 78, '122', 3),
(378, 44, 79, '124', 0),
(379, 44, 80, '127', 3),
(380, 44, 82, '134', 0),
(381, 44, 83, '135', 4),
(382, 44, 85, '143', 2),
(383, 45, 66, '79', 0),
(384, 45, 67, '82', 0),
(385, 45, 68, '88', 2),
(386, 45, 69, '89', 2),
(387, 45, 77, '119', 0),
(388, 45, 78, '122', 3),
(389, 45, 80, '127', 3),
(390, 45, 81, '129', 3),
(391, 45, 82, '134', 0),
(392, 46, 66, '79', 0),
(393, 46, 67, '82', 0),
(394, 46, 68, '87', 0),
(395, 46, 77, '117', 3),
(396, 46, 78, '122', 3),
(397, 46, 83, '135', 4),
(398, 46, 84, '138', 4),
(399, 46, 85, '142', 0),
(400, 46, 80, '126', 0),
(401, 46, 81, '129', 3),
(402, 48, 66, '77', 3),
(403, 48, 67, '82', 0),
(404, 48, 68, '87', 0),
(405, 48, 77, '118', 0),
(406, 48, 78, '122', 3),
(407, 48, 79, '124', 0),
(408, 48, 80, '128', 0),
(409, 48, 83, '135', 4),
(410, 48, 84, '140', 0),
(411, 48, 85, '143', 2),
(412, 49, 66, '77', 3),
(413, 49, 67, '80', 0),
(414, 49, 68, '86', 0),
(415, 49, 69, '89', 2),
(416, 49, 77, '117', 3),
(417, 49, 79, '124', 0),
(418, 49, 80, '126', 0),
(419, 49, 81, '130', 0),
(420, 49, 83, '137', 0),
(421, 49, 84, '139', 0),
(422, 49, 85, '143', 2),
(423, 50, 77, '117', 3),
(424, 50, 78, '121', 0),
(425, 50, 79, '125', 4),
(426, 50, 80, '126', 0),
(427, 50, 81, '130', 0),
(428, 50, 82, '134', 0),
(429, 50, 83, '136', 0),
(430, 50, 84, '140', 0),
(431, 50, 85, '143', 2),
(432, 47, 70, '93', 4),
(433, 47, 71, '99', 0),
(434, 47, 72, '103', 3),
(435, 42, 70, '94', 0),
(436, 42, 71, '99', 0),
(437, 42, 72, '102', 0);

-- --------------------------------------------------------

--
-- Δομή πίνακα για τον πίνακα `make_quiz`
--

CREATE TABLE `make_quiz` (
  `id` int(11) NOT NULL,
  `id_student` int(11) NOT NULL,
  `id_test` int(11) NOT NULL,
  `start_time` varchar(50) NOT NULL,
  `end_time` varchar(50) NOT NULL,
  `student_answers` text NOT NULL,
  `score` int(11) NOT NULL,
  `completed` tinyint(1) NOT NULL DEFAULT 0
) ENGINE=InnoDB DEFAULT CHARSET=utf8mb4 COLLATE=utf8mb4_general_ci;

--
-- Άδειασμα δεδομένων του πίνακα `make_quiz`
--

INSERT INTO `make_quiz` (`id`, `id_student`, `id_test`, `start_time`, `end_time`, `student_answers`, `score`, `completed`) VALUES
(789, 47, 36, 'Mon Mar 03 2025 20:50:33 GMT 0100 (Χειμερινή ώρα Κ', 'Mon Mar 03 2025 20:52:47 GMT 0100 (Χειμερινή ώρα Κ', '119,121,125,', 4, 1),
(790, 47, 37, 'Mon Mar 03 2025 21:01:21 GMT 0100 (Χειμερινή ώρα Κ', 'Mon Mar 03 2025 21:01:26 GMT 0100 (Χειμερινή ώρα Κ', '126,131,134,', 0, 1),
(791, 47, 38, 'Mon Mar 03 2025 21:01:30 GMT 0100 (Χειμερινή ώρα Κ', 'Mon Mar 03 2025 21:01:35 GMT 0100 (Χειμερινή ώρα Κ', '137,140,143,', 2, 1),
(792, 47, 32, 'Mon Mar 03 2025 21:01:40 GMT 0100 (Χειμερινή ώρα Κ', 'Mon Mar 03 2025 21:01:48 GMT 0100 (Χειμερινή ώρα Κ', '77,82,88,89,', 7, 1),
(793, 41, 36, 'Mon Mar 03 2025 21:02:20 GMT 0100 (Χειμερινή ώρα Κ', 'Mon Mar 03 2025 21:02:25 GMT 0100 (Χειμερινή ώρα Κ', '117,120,124,', 3, 1),
(794, 41, 37, 'Mon Mar 03 2025 21:02:28 GMT 0100 (Χειμερινή ώρα Κ', 'Mon Mar 03 2025 21:02:34 GMT 0100 (Χειμερινή ώρα Κ', '128,130,133,', 4, 1),
(795, 41, 38, 'Mon Mar 03 2025 21:02:38 GMT 0100 (Χειμερινή ώρα Κ', 'Mon Mar 03 2025 21:02:43 GMT 0100 (Χειμερινή ώρα Κ', '136,140,143,', 2, 1),
(796, 41, 32, 'Mon Mar 03 2025 21:02:50 GMT 0100 (Χειμερινή ώρα Κ', 'Mon Mar 03 2025 21:02:56 GMT 0100 (Χειμερινή ώρα Κ', '79,82,88,89,', 4, 1),
(797, 42, 32, 'Mon Mar 03 2025 21:03:11 GMT 0100 (Χειμερινή ώρα Κ', 'Mon Mar 03 2025 21:03:18 GMT 0100 (Χειμερινή ώρα Κ', '78,81,88,91,', 5, 1),
(798, 42, 36, 'Mon Mar 03 2025 21:03:25 GMT 0100 (Χειμερινή ώρα Κ', 'Mon Mar 03 2025 21:03:30 GMT 0100 (Χειμερινή ώρα Κ', '117,121,124,', 3, 1),
(799, 42, 37, 'Mon Mar 03 2025 21:03:33 GMT 0100 (Χειμερινή ώρα Κ', 'Mon Mar 03 2025 21:03:38 GMT 0100 (Χειμερινή ώρα Κ', '127,130,134,', 3, 1),
(800, 42, 38, 'Mon Mar 03 2025 21:03:40 GMT 0100 (Χειμερινή ώρα Κ', 'Mon Mar 03 2025 21:03:45 GMT 0100 (Χειμερινή ώρα Κ', '135,139,143,', 6, 1),
(801, 43, 32, 'Mon Mar 03 2025 21:04:15 GMT 0100 (Χειμερινή ώρα Κ', 'Mon Mar 03 2025 21:04:19 GMT 0100 (Χειμερινή ώρα Κ', '79,', 0, 1),
(802, 43, 36, 'Mon Mar 03 2025 21:04:25 GMT 0100 (Χειμερινή ώρα Κ', 'Mon Mar 03 2025 21:04:28 GMT 0100 (Χειμερινή ώρα Κ', '122,124,', 3, 1),
(803, 43, 37, 'Mon Mar 03 2025 21:04:31 GMT 0100 (Χειμερινή ώρα Κ', 'Mon Mar 03 2025 21:04:35 GMT 0100 (Χειμερινή ώρα Κ', '127,131,', 3, 1),
(804, 43, 38, 'Mon Mar 03 2025 21:04:37 GMT 0100 (Χειμερινή ώρα Κ', 'Mon Mar 03 2025 21:04:38 GMT 0100 (Χειμερινή ώρα Κ', '', 0, 1),
(805, 44, 32, 'Mon Mar 03 2025 21:04:56 GMT 0100 (Χειμερινή ώρα Κ', 'Mon Mar 03 2025 21:05:01 GMT 0100 (Χειμερινή ώρα Κ', '82,87,90,', 0, 1),
(806, 44, 36, 'Mon Mar 03 2025 21:05:07 GMT 0100 (Χειμερινή ώρα Κ', 'Mon Mar 03 2025 21:05:12 GMT 0100 (Χειμερινή ώρα Κ', '117,122,124,', 6, 1),
(807, 44, 37, 'Mon Mar 03 2025 21:05:14 GMT 0100 (Χειμερινή ώρα Κ', 'Mon Mar 03 2025 21:05:18 GMT 0100 (Χειμερινή ώρα Κ', '127,134,', 3, 1),
(808, 44, 38, 'Mon Mar 03 2025 21:05:21 GMT 0100 (Χειμερινή ώρα Κ', 'Mon Mar 03 2025 21:05:25 GMT 0100 (Χειμερινή ώρα Κ', '135,143,', 6, 1),
(809, 45, 32, 'Mon Mar 03 2025 21:05:59 GMT 0100 (Χειμερινή ώρα Κ', 'Mon Mar 03 2025 21:06:05 GMT 0100 (Χειμερινή ώρα Κ', '79,82,88,89,', 4, 1),
(810, 45, 36, 'Mon Mar 03 2025 21:06:11 GMT 0100 (Χειμερινή ώρα Κ', 'Mon Mar 03 2025 21:06:15 GMT 0100 (Χειμερινή ώρα Κ', '119,122,', 3, 1),
(811, 45, 37, 'Mon Mar 03 2025 21:06:17 GMT 0100 (Χειμερινή ώρα Κ', 'Mon Mar 03 2025 21:06:22 GMT 0100 (Χειμερινή ώρα Κ', '127,129,134,', 6, 1),
(812, 45, 38, 'Mon Mar 03 2025 21:06:25 GMT 0100 (Χειμερινή ώρα Κ', 'Mon Mar 03 2025 21:06:26 GMT 0100 (Χειμερινή ώρα Κ', '', 0, 1),
(813, 46, 32, 'Mon Mar 03 2025 21:06:43 GMT 0100 (Χειμερινή ώρα Κ', 'Mon Mar 03 2025 21:06:47 GMT 0100 (Χειμερινή ώρα Κ', '79,82,87,', 0, 1),
(814, 46, 36, 'Mon Mar 03 2025 21:06:55 GMT 0100 (Χειμερινή ώρα Κ', 'Mon Mar 03 2025 21:07:00 GMT 0100 (Χειμερινή ώρα Κ', '117,122,', 6, 1),
(815, 46, 38, 'Mon Mar 03 2025 21:07:04 GMT 0100 (Χειμερινή ώρα Κ', 'Mon Mar 03 2025 21:07:11 GMT 0100 (Χειμερινή ώρα Κ', '135,138,142,', 8, 1),
(816, 46, 37, 'Mon Mar 03 2025 21:07:13 GMT 0100 (Χειμερινή ώρα Κ', 'Mon Mar 03 2025 21:07:17 GMT 0100 (Χειμερινή ώρα Κ', '126,129,', 3, 1),
(817, 48, 32, 'Mon Mar 03 2025 21:07:37 GMT 0100 (Χειμερινή ώρα Κ', 'Mon Mar 03 2025 21:07:43 GMT 0100 (Χειμερινή ώρα Κ', '77,82,87,', 3, 1),
(818, 48, 36, 'Mon Mar 03 2025 21:07:47 GMT 0100 (Χειμερινή ώρα Κ', 'Mon Mar 03 2025 21:07:52 GMT 0100 (Χειμερινή ώρα Κ', '118,122,124,', 3, 1),
(819, 48, 37, 'Mon Mar 03 2025 21:07:55 GMT 0100 (Χειμερινή ώρα Κ', 'Mon Mar 03 2025 21:07:58 GMT 0100 (Χειμερινή ώρα Κ', '128,', 0, 1),
(820, 48, 38, 'Mon Mar 03 2025 21:08:00 GMT 0100 (Χειμερινή ώρα Κ', 'Mon Mar 03 2025 21:08:05 GMT 0100 (Χειμερινή ώρα Κ', '135,140,143,', 6, 1),
(821, 49, 32, 'Mon Mar 03 2025 21:08:20 GMT 0100 (Χειμερινή ώρα Κ', 'Mon Mar 03 2025 21:08:28 GMT 0100 (Χειμερινή ώρα Κ', '77,80,86,89,', 5, 1),
(822, 49, 36, 'Mon Mar 03 2025 21:17:56 GMT 0100 (Χειμερινή ώρα Κ', 'Mon Mar 03 2025 21:18:01 GMT 0100 (Χειμερινή ώρα Κ', '117,124,', 3, 1),
(823, 49, 37, 'Mon Mar 03 2025 21:18:04 GMT 0100 (Χειμερινή ώρα Κ', 'Mon Mar 03 2025 21:18:09 GMT 0100 (Χειμερινή ώρα Κ', '126,130,', 0, 1),
(824, 49, 38, 'Mon Mar 03 2025 21:18:11 GMT 0100 (Χειμερινή ώρα Κ', 'Mon Mar 03 2025 21:18:16 GMT 0100 (Χειμερινή ώρα Κ', '137,139,143,', 2, 1),
(825, 50, 32, 'Mon Mar 03 2025 21:23:31 GMT 0100 (Χειμερινή ώρα Κ', 'Mon Mar 03 2025 21:23:32 GMT 0100 (Χειμερινή ώρα Κ', '', 0, 1),
(826, 50, 36, 'Mon Mar 03 2025 21:23:37 GMT 0100 (Χειμερινή ώρα Κ', 'Mon Mar 03 2025 21:23:43 GMT 0100 (Χειμερινή ώρα Κ', '117,121,125,', 7, 1),
(827, 50, 37, 'Mon Mar 03 2025 21:23:45 GMT 0100 (Χειμερινή ώρα Κ', 'Mon Mar 03 2025 21:23:50 GMT 0100 (Χειμερινή ώρα Κ', '126,130,134,', 0, 1),
(828, 50, 38, 'Mon Mar 03 2025 21:23:53 GMT 0100 (Χειμερινή ώρα Κ', 'Mon Mar 03 2025 21:23:57 GMT 0100 (Χειμερινή ώρα Κ', '136,140,143,', 2, 1),
(829, 47, 39, 'Tue Mar 04 2025 11:55:50 GMT 0100 (Χειμερινή ώρα Κ', 'Tue Mar 04 2025 11:55:50 GMT 0100 (Χειμερινή ώρα Κ', '', 0, 1),
(830, 47, 33, 'Wed Mar 05 2025 16:13:27 GMT 0100 (Χειμερινή ώρα Κ', 'Wed Mar 05 2025 16:13:34 GMT 0100 (Χειμερινή ώρα Κ', '93,99,103,', 7, 1),
(831, 42, 33, 'Wed Mar 05 2025 16:14:49 GMT 0100 (Χειμερινή ώρα Κ', 'Wed Mar 05 2025 16:14:56 GMT 0100 (Χειμερινή ώρα Κ', '94,99,102,', 0, 1),
(832, 50, 39, 'Fri Apr 11 2025 17:10:35 GMT 0200 (Θερινή ώρα Κεντ', 'Fri Apr 11 2025 17:10:39 GMT 0200 (Θερινή ώρα Κεντ', '', 0, 1);

-- --------------------------------------------------------

--
-- Δομή πίνακα για τον πίνακα `professor`
--

CREATE TABLE `professor` (
  `id` int(11) NOT NULL,
  `email` varchar(200) NOT NULL,
  `password` varchar(200) NOT NULL,
  `firstname` varchar(200) NOT NULL,
  `lastname` varchar(200) NOT NULL
) ENGINE=InnoDB DEFAULT CHARSET=utf8mb4 COLLATE=utf8mb4_general_ci;

--
-- Άδειασμα δεδομένων του πίνακα `professor`
--

INSERT INTO `professor` (`id`, `email`, `password`, `firstname`, `lastname`) VALUES
(12, 'labropoulousofia16@gmail.com', '1', 'ΣΟΦΙΑ', 'ΛΑΜΠΡΟΠΟΥΛΟΥ'),
(20, 'labropoulosadri@upatras.gr', 'adri', 'Αδριανός', 'Λαμπρόπουλος'),
(27, 'georgoulis@upatras.gr', 'georgoulis', 'Θανάσης', 'Γεωργούλης');

-- --------------------------------------------------------

--
-- Δομή πίνακα για τον πίνακα `student`
--

CREATE TABLE `student` (
  `id` int(11) NOT NULL,
  `email` varchar(200) NOT NULL,
  `password` varchar(300) NOT NULL,
  `firstname` varchar(200) NOT NULL,
  `lastname` varchar(200) NOT NULL
) ENGINE=InnoDB DEFAULT CHARSET=utf8mb4 COLLATE=utf8mb4_general_ci;

--
-- Άδειασμα δεδομένων του πίνακα `student`
--

INSERT INTO `student` (`id`, `email`, `password`, `firstname`, `lastname`) VALUES
(41, 'aggelikipapaioannou@upatras.gr', 'aggeliki', 'Αγγελική', 'Παπαϊωάννου'),
(42, 'giannisgeorgoulis@upatras.gr', 'giannis', 'Γιάννης', 'Γεωργούλης'),
(43, 'pinelopilekka@upatras.gr', 'pinelopi', 'Πηνελόπη', 'Λέκκα'),
(44, 'kostasvellos@upatras.gr', 'kostas', 'Κώστας', 'Βέλλος'),
(45, 'dimitrismitropoulos@upatras.gr', 'dimitris', 'Δημήτρης', 'Μητρόπουλος'),
(46, 'mariamanousaki@upatras.gr', 'maria', 'Μαρία', 'Μανουσάκη'),
(47, 'annalysikatou@upatras.gr', 'anna', 'Άννα', 'Λυσίκατου'),
(48, 'panagiotismpekas@upatras.gr', 'panagiotis', 'Παναγιώτης', 'Μπέκας'),
(49, 'katerinampelesi@upatras.gr', 'katerina', 'Κατερίνα', 'Μπέλεση'),
(50, 'theodorismousteris@upatras.gr', 'theodoris', 'Θεοδωρής', 'Μουστερής');

-- --------------------------------------------------------

--
-- Δομή πίνακα για τον πίνακα `student_course`
--

CREATE TABLE `student_course` (
  `id_lesson` int(11) NOT NULL,
  `id_student` int(11) NOT NULL,
  `id` int(11) NOT NULL
) ENGINE=InnoDB DEFAULT CHARSET=utf8mb4 COLLATE=utf8mb4_general_ci;

--
-- Άδειασμα δεδομένων του πίνακα `student_course`
--

INSERT INTO `student_course` (`id_lesson`, `id_student`, `id`) VALUES
(17, 41, 171),
(17, 42, 172),
(17, 43, 174),
(17, 44, 176),
(17, 45, 178),
(17, 46, 180),
(17, 47, 169),
(17, 48, 182),
(17, 49, 184),
(17, 50, 186),
(18, 42, 190),
(18, 47, 189),
(18, 50, 191),
(19, 41, 170),
(19, 42, 173),
(19, 43, 175),
(19, 44, 177),
(19, 45, 179),
(19, 46, 181),
(19, 47, 168),
(19, 48, 183),
(19, 49, 185),
(19, 50, 187),
(20, 47, 188),
(20, 50, 192);

-- --------------------------------------------------------

--
-- Δομή πίνακα για τον πίνακα `test`
--

CREATE TABLE `test` (
  `id` int(11) NOT NULL,
  `id_professor` int(11) NOT NULL,
  `id_lesson` int(11) NOT NULL,
  `total_time` int(11) NOT NULL,
  `date_of_creation` date NOT NULL,
  `title` text NOT NULL,
  `vash` int(11) NOT NULL,
  `visibility` tinyint(1) NOT NULL
) ENGINE=InnoDB DEFAULT CHARSET=utf8mb4 COLLATE=utf8mb4_general_ci;

--
-- Άδειασμα δεδομένων του πίνακα `test`
--

INSERT INTO `test` (`id`, `id_professor`, `id_lesson`, `total_time`, `date_of_creation`, `title`, `vash`, `visibility`) VALUES
(32, 20, 17, 10, '2025-02-22', 'Γεωγραφία στην Πελλοπόνησο', 4, 1),
(33, 20, 18, 10, '2025-02-22', 'Ερωτήσεις για την ιστορία της Αρχαίας Ελλάδας', 5, 1),
(36, 27, 19, 15, '2025-02-26', 'Βιολογία στον ανθρώπινο οργανισμό', 5, 1),
(37, 27, 19, 15, '2025-02-26', 'Κυκλοφορικό σύστημα ανθρώπου', 5, 1),
(38, 27, 19, 15, '2025-02-26', 'Ανθρώπινο Αναπνευστικό Σύστημα ', 5, 1),
(39, 27, 20, 10, '2025-02-26', 'Χρόνοι ρημάτων', 5, 1);

--
-- Ευρετήρια για άχρηστους πίνακες
--

--
-- Ευρετήρια για πίνακα `admin`
--
ALTER TABLE `admin`
  ADD PRIMARY KEY (`id`),
  ADD UNIQUE KEY `email` (`email`);

--
-- Ευρετήρια για πίνακα `answer`
--
ALTER TABLE `answer`
  ADD PRIMARY KEY (`id`),
  ADD KEY `id_of_exercise` (`id_of_exercise`);

--
-- Ευρετήρια για πίνακα `exercise`
--
ALTER TABLE `exercise`
  ADD PRIMARY KEY (`id`),
  ADD KEY `exercise_ibfk_1` (`id_test`);

--
-- Ευρετήρια για πίνακα `lesson`
--
ALTER TABLE `lesson`
  ADD PRIMARY KEY (`id`),
  ADD KEY `id_professor` (`id_professor`);

--
-- Ευρετήρια για πίνακα `make_exercise`
--
ALTER TABLE `make_exercise`
  ADD PRIMARY KEY (`id`),
  ADD KEY `id_student` (`id_student`),
  ADD KEY `id_exercise` (`id_exercise`);

--
-- Ευρετήρια για πίνακα `make_quiz`
--
ALTER TABLE `make_quiz`
  ADD PRIMARY KEY (`id`),
  ADD KEY `id_test` (`id_test`),
  ADD KEY `fk_student_id` (`id_student`);

--
-- Ευρετήρια για πίνακα `professor`
--
ALTER TABLE `professor`
  ADD PRIMARY KEY (`id`),
  ADD UNIQUE KEY `email` (`email`);

--
-- Ευρετήρια για πίνακα `student`
--
ALTER TABLE `student`
  ADD PRIMARY KEY (`id`),
  ADD UNIQUE KEY `email` (`email`);

--
-- Ευρετήρια για πίνακα `student_course`
--
ALTER TABLE `student_course`
  ADD PRIMARY KEY (`id`),
  ADD UNIQUE KEY `id_lesson` (`id_lesson`,`id_student`),
  ADD KEY `id_student` (`id_student`);

--
-- Ευρετήρια για πίνακα `test`
--
ALTER TABLE `test`
  ADD PRIMARY KEY (`id`),
  ADD KEY `test_ibfk_1` (`id_professor`),
  ADD KEY `id_lesson` (`id_lesson`);

--
-- AUTO_INCREMENT για άχρηστους πίνακες
--

--
-- AUTO_INCREMENT για πίνακα `admin`
--
ALTER TABLE `admin`
  MODIFY `id` int(200) NOT NULL AUTO_INCREMENT, AUTO_INCREMENT=29;

--
-- AUTO_INCREMENT για πίνακα `answer`
--
ALTER TABLE `answer`
  MODIFY `id` int(11) NOT NULL AUTO_INCREMENT, AUTO_INCREMENT=153;

--
-- AUTO_INCREMENT για πίνακα `exercise`
--
ALTER TABLE `exercise`
  MODIFY `id` int(11) NOT NULL AUTO_INCREMENT, AUTO_INCREMENT=89;

--
-- AUTO_INCREMENT για πίνακα `lesson`
--
ALTER TABLE `lesson`
  MODIFY `id` int(11) NOT NULL AUTO_INCREMENT, AUTO_INCREMENT=21;

--
-- AUTO_INCREMENT για πίνακα `make_exercise`
--
ALTER TABLE `make_exercise`
  MODIFY `id` int(11) NOT NULL AUTO_INCREMENT, AUTO_INCREMENT=438;

--
-- AUTO_INCREMENT για πίνακα `make_quiz`
--
ALTER TABLE `make_quiz`
  MODIFY `id` int(11) NOT NULL AUTO_INCREMENT, AUTO_INCREMENT=833;

--
-- AUTO_INCREMENT για πίνακα `professor`
--
ALTER TABLE `professor`
  MODIFY `id` int(11) NOT NULL AUTO_INCREMENT, AUTO_INCREMENT=30;

--
-- AUTO_INCREMENT για πίνακα `student`
--
ALTER TABLE `student`
  MODIFY `id` int(11) NOT NULL AUTO_INCREMENT, AUTO_INCREMENT=51;

--
-- AUTO_INCREMENT για πίνακα `student_course`
--
ALTER TABLE `student_course`
  MODIFY `id` int(11) NOT NULL AUTO_INCREMENT, AUTO_INCREMENT=193;

--
-- AUTO_INCREMENT για πίνακα `test`
--
ALTER TABLE `test`
  MODIFY `id` int(11) NOT NULL AUTO_INCREMENT, AUTO_INCREMENT=44;

--
-- Περιορισμοί για άχρηστους πίνακες
--

--
-- Περιορισμοί για πίνακα `answer`
--
ALTER TABLE `answer`
  ADD CONSTRAINT `answer_ibfk_1` FOREIGN KEY (`id_of_exercise`) REFERENCES `exercise` (`id`) ON DELETE CASCADE ON UPDATE CASCADE;

--
-- Περιορισμοί για πίνακα `exercise`
--
ALTER TABLE `exercise`
  ADD CONSTRAINT `exercise_ibfk_1` FOREIGN KEY (`id_test`) REFERENCES `test` (`id`) ON DELETE CASCADE ON UPDATE CASCADE;

--
-- Περιορισμοί για πίνακα `lesson`
--
ALTER TABLE `lesson`
  ADD CONSTRAINT `lesson_ibfk_1` FOREIGN KEY (`id_professor`) REFERENCES `professor` (`id`) ON DELETE CASCADE ON UPDATE CASCADE;

--
-- Περιορισμοί για πίνακα `make_exercise`
--
ALTER TABLE `make_exercise`
  ADD CONSTRAINT `id_exercise` FOREIGN KEY (`id_exercise`) REFERENCES `exercise` (`id`) ON DELETE CASCADE ON UPDATE CASCADE,
  ADD CONSTRAINT `id_student` FOREIGN KEY (`id_student`) REFERENCES `student` (`id`) ON DELETE CASCADE ON UPDATE CASCADE;

--
-- Περιορισμοί για πίνακα `make_quiz`
--
ALTER TABLE `make_quiz`
  ADD CONSTRAINT `fk_student_id` FOREIGN KEY (`id_student`) REFERENCES `student` (`id`) ON DELETE CASCADE ON UPDATE CASCADE,
  ADD CONSTRAINT `id_test` FOREIGN KEY (`id_test`) REFERENCES `test` (`id`) ON DELETE CASCADE ON UPDATE CASCADE;

--
-- Περιορισμοί για πίνακα `student_course`
--
ALTER TABLE `student_course`
  ADD CONSTRAINT `id_lesson` FOREIGN KEY (`id_lesson`) REFERENCES `lesson` (`id`) ON DELETE CASCADE ON UPDATE CASCADE,
  ADD CONSTRAINT `student_course_ibfk_2` FOREIGN KEY (`id_student`) REFERENCES `student` (`id`) ON DELETE CASCADE ON UPDATE CASCADE;

--
-- Περιορισμοί για πίνακα `test`
--
ALTER TABLE `test`
  ADD CONSTRAINT `test_ibfk_1` FOREIGN KEY (`id_professor`) REFERENCES `professor` (`id`) ON DELETE CASCADE ON UPDATE CASCADE,
  ADD CONSTRAINT `test_ibfk_2` FOREIGN KEY (`id_lesson`) REFERENCES `lesson` (`id`) ON DELETE CASCADE ON UPDATE CASCADE;
COMMIT;

/*!40101 SET CHARACTER_SET_CLIENT=@OLD_CHARACTER_SET_CLIENT */;
/*!40101 SET CHARACTER_SET_RESULTS=@OLD_CHARACTER_SET_RESULTS */;
/*!40101 SET COLLATION_CONNECTION=@OLD_COLLATION_CONNECTION */;
